<?xml version="1.0" encoding="UTF-8"?><?xml-stylesheet type='text/xsl' href='_UpgradeReport_Files/UpgradeReport.xslt'?><UpgradeLog>
<Properties><Property Name="Solution" Value="CreditCardSample">
</Property><Property Name="Solution File" Value="C:\Documents and Settings\V06883\Desktop\Extensions\Samples\CreditCardSample\CreditCardSample.sln">
</Property><Property Name="Date" Value="Tuesday, September 06, 2011">
</Property><Property Name="Time" Value="13:13:57 PM">
</Property></Properties><Event ErrorLevel="0" Project="CreditCardSample" Source="CreditCardSample.csproj" Description="Project file successfully backed up as C:\Documents and Settings\V06883\Desktop\Extensions\Samples\CreditCardSample\Backup\CreditCardSample.csproj">
</Event><Event ErrorLevel="0" Project="CreditCardSample" Source="CreditCardSample.cs" Description="File successfully backed up as C:\Documents and Settings\V06883\Desktop\Extensions\Samples\CreditCardSample\Backup\CreditCardSample.cs">
</Event><Event ErrorLevel="0" Project="CreditCardSample" Source="Properties\AssemblyInfo.cs" Description="File successfully backed up as C:\Documents and Settings\V06883\Desktop\Extensions\Samples\CreditCardSample\Backup\Properties\AssemblyInfo.cs">
</Event><Event ErrorLevel="0" Project="CreditCardSample" Source="CreditCardSample.csproj" Description="Project converted successfully">
</Event><Event ErrorLevel="3" Project="CreditCardSample" Source="CreditCardSample.csproj" Description="Converted">
</Event><Event ErrorLevel="0" Project="CreditCardSample" Source="CreditCardSample.csproj" Description="Scan complete: Upgrade not required for project files.">
</Event></UpgradeLog>