<?xml version="1.0" encoding="UTF-8"?><?xml-stylesheet type='text/xsl' href='_UpgradeReport_Files/UpgradeReport.xslt'?><UpgradeLog>
<Properties><Property Name="Solution" Value="CustomPricing">
</Property><Property Name="Solution File" Value="C:\Documents and Settings\V06883\Desktop\Extensions\Samples\CustomPricing\CustomPricing.sln">
</Property><Property Name="Date" Value="Tuesday, September 06, 2011">
</Property><Property Name="Time" Value="13:18:09 PM">
</Property></Properties><Event ErrorLevel="0" Project="CustomPricing" Source="CustomPricing.csproj" Description="Project file successfully backed up as C:\Documents and Settings\V06883\Desktop\Extensions\Samples\CustomPricing\Backup\CustomPricing.csproj">
</Event><Event ErrorLevel="0" Project="CustomPricing" Source="CustomPricing.cs" Description="File successfully backed up as C:\Documents and Settings\V06883\Desktop\Extensions\Samples\CustomPricing\Backup\CustomPricing.cs">
</Event><Event ErrorLevel="0" Project="CustomPricing" Source="Properties\AssemblyInfo.cs" Description="File successfully backed up as C:\Documents and Settings\V06883\Desktop\Extensions\Samples\CustomPricing\Backup\Properties\AssemblyInfo.cs">
</Event><Event ErrorLevel="0" Project="CustomPricing" Source="CustomPricing.csproj" Description="Project converted successfully">
</Event><Event ErrorLevel="3" Project="CustomPricing" Source="CustomPricing.csproj" Description="Converted">
</Event><Event ErrorLevel="0" Project="CustomPricing" Source="CustomPricing.csproj" Description="Scan complete: Upgrade not required for project files.">
</Event></UpgradeLog>