<?xml version="1.0" encoding="UTF-8"?><?xml-stylesheet type='text/xsl' href='_UpgradeReport_Files/UpgradeReport.xslt'?><UpgradeLog>
<Properties><Property Name="Solution" Value="MyPickList">
</Property><Property Name="Solution File" Value="C:\Documents and Settings\V06883\Desktop\Extensions\Samples\MyPickList\MyPickList.sln">
</Property><Property Name="Date" Value="Tuesday, September 06, 2011">
</Property><Property Name="Time" Value="13:18:55 PM">
</Property></Properties><Event ErrorLevel="0" Project="MyPickList" Source="MyPickList.csproj" Description="Project file successfully backed up as C:\Documents and Settings\V06883\Desktop\Extensions\Samples\MyPickList\Backup\MyPickList.csproj">
</Event><Event ErrorLevel="0" Project="MyPickList" Source="MyPickList.cs" Description="File successfully backed up as C:\Documents and Settings\V06883\Desktop\Extensions\Samples\MyPickList\Backup\MyPickList.cs">
</Event><Event ErrorLevel="0" Project="MyPickList" Source="Properties\AssemblyInfo.cs" Description="File successfully backed up as C:\Documents and Settings\V06883\Desktop\Extensions\Samples\MyPickList\Backup\Properties\AssemblyInfo.cs">
</Event><Event ErrorLevel="0" Project="MyPickList" Source="MyPickList.csproj" Description="Project converted successfully">
</Event><Event ErrorLevel="3" Project="MyPickList" Source="MyPickList.csproj" Description="Converted">
</Event><Event ErrorLevel="0" Project="MyPickList" Source="MyPickList.csproj" Description="Scan complete: Upgrade not required for project files.">
</Event></UpgradeLog>